Entidad,CaptacionTotal,DepositoExigInmediata,DepositoPlazoPG,DepositoPlazoMV,TitulosCredito,PrestamosInterBanc,CuentaGlobalCapt,Fecha
BBVA México,1974147.70074776,1514150.35828046,266008.65429234,33676.15500697,140315.36315988,13316.79452996,6680.375478149999,2025-01-01
Santander,1027667.483833,609908.753229,267914.102692,46407.187619,64245.071641,36640.84835,2551.520302,2025-01-01
Banorte,1179260.1621949,745085.4181146801,373893.51482782,2815.0939477399997,40720.197636410005,12753.67350565,3992.2641626,2025-01-01
Banamex,743411.9043884401,521950.70935525,115424.14589905,72770.7101941,0.0,25080.266862020002,8186.072078020001,2025-01-01
Scotiabank,602616.741975,284400.001706,204101.848253,37940.893099,29949.466319,44748.590619,1475.941979,2025-01-01
HSBC,609112.824597,381553.651256,166724.042243,28343.204822,19330.537842,10723.842455,2437.545979,2025-01-01
Inbursa,444768.493441,326825.25573,52628.494149,1954.604298,33041.021333,29852.85803,466.259901,2025-01-01
Citi México,317931.74720271,210751.76928185998,0.0,41730.71584926,3269.7153899299997,62140.29440495,39.252276710000004,2025-01-01
Banco del Bajío,302616.04603434,119992.31802728999,73718.57105073,56015.33594924,0.0,52705.346591919995,184.47441516,2025-01-01
Banco Azteca,234698.86346286,181799.45265507,52899.41080779,0.0,0.0,0.0,0.0,2025-01-01
Afirme,84286.06506400001,40976.028698,39927.561955,0.0,877.44122,2301.567647,203.465544,2025-01-01
Monex,79469.85273907999,36254.20057729,28997.01420703,9802.228464639998,2895.93360505,1516.77452282,3.70136225,2025-01-01
Banregio,187035.9316868,78543.38475685,99167.73522258,1079.92709893,4584.43859443,3618.63696621,41.809047799999995,2025-01-01
J.P. Morgan,67068.55170899999,60967.459732,0.0,4548.545379,0.0,1552.546598,0.0,2025-01-01
Bank of America,115351.246288,42301.641713,613.242318,72436.362257,0.0,0.0,0.0,2025-01-01
Invex,54595.94322,6852.258374,16290.075453,26618.445096,497.350983,4337.128454,0.68486,2025-01-01
BanCoppel,146038.06387315,135472.79779767,4539.47582129,0.0,0.0,5410.01763259,615.7726216,2025-01-01
CIBanco,50091.688921,11750.22313,38230.168077,0.0,0.0,15.002192,96.295522,2025-01-01
Banca Mifel,92513.05606100001,27173.991433,44326.960621,382.253236,1840.60244,18788.797803,0.450528,2025-01-01
Sabadell,119229.29677700001,41823.630066,18424.147187,4909.550234,0.0,54069.47385,2.49544,2025-01-01
Multiva,82733.68137399999,31777.35861,29586.836981,9120.934332,0.0,12207.22958,41.321871,2025-01-01
Barclays,2793.283635,0.0,0.0,0.0,0.0,2793.283635,0.0,2025-01-01
Banco Base,34474.795896999996,19304.46363,12704.923591,2081.302493,113.245819,231.187714,39.67265,2025-01-01
Ve por Más,60827.989232,37261.014976,19315.340716,342.944994,0.0,3899.83612,8.852426,2025-01-01
Intercam Banco,39535.880758,23922.302798,14604.763135,100.35225,0.0,844.32934,64.133235,2025-01-01
Bansí,39271.508386999994,10228.373683,28505.066199,314.024569,0.0,223.783926,0.26001,2025-01-01
Compartamos,37577.95328,2348.814618,2083.571954,0.0,13229.677313,19799.343999,116.545396,2025-01-01
Actinver,36136.107674,12845.343943,6508.478466,4943.783888,11767.712166,32.233134,38.556077,2025-01-01
BIAfirme,23.30917,23.30917,0.0,0.0,0.0,0.0,0.0,2025-01-01
MUFG Bank,30209.274984,17312.252854,12897.02213,0.0,0.0,0.0,0.0,2025-01-01
Bancrea,41965.00711889,5166.61316021,30917.571504389998,0.0,0.0,5880.82245429,0.0,2025-01-01
Consubanco,18160.30499,371.532942,12498.954635,2227.909799,3061.499135,0.0,0.408479,2025-01-01
BNP Paribas México,0.0,0.0,0.0,0.0,0.0,0.0,0.0,2025-01-01
Inmobiliario Mexicano,12741.49166688,585.3605725499999,10600.23500705,0.0,0.0,1555.54239646,0.35369082,2025-01-01
Bankaool,13170.938317999999,5869.428818,7275.5102,0.0,0.0,25.9993,0.0,2025-01-01
Autofin,12191.042498820001,2491.05756815,9538.0095391,0.0,0.0,154.56469183000002,7.41069974,2025-01-01
ICBC,10817.725622,7273.661079,2005.304712,0.0,0.0,1538.759831,0.0,2025-01-01
Mizuho Bank,7524.99642715,2414.5635168000003,4212.32910714,188.99257025999998,0.0,709.11123295,0.0,2025-01-01
Bank of China,6996.662693549999,1851.3708488599998,0.0,0.0,0.0,5145.291844689999,0.0,2025-01-01
Banco Covalto,7824.256517520001,1948.64168913,2981.8374716,20.455972120000002,0.0,2873.32138467,0.0,2025-01-01
Volkswagen Bank,3517.119535,1.127199,0.0,0.0,0.0,3515.685678,0.306658,2025-01-01
Banco Ualá,5954.28806,3753.716219,2200.445361,0.0,0.0,0.0,0.12648,2025-01-01
Shinhan,4420.844984,1293.961016,257.372703,0.0,0.0,2869.454647,0.056618,2025-01-01
KEB Hana México,4185.352318,0.0,107.023944,0.0,0.0,4078.328374,0.0,2025-01-01
Openbank,15.482616,15.482616,0.0,0.0,0.0,0.0,0.0,2025-01-01
Banco S3,1673.5711840000001,1673.571175,0.0,0.0,0.0,9e-06,0.0,2025-01-01
Banco Bineo,39.221136030000004,39.221136030000004,0.0,0.0,0.0,0.0,0.0,2025-01-01
Credit Suisse,0.0,0.0,0.0,0.0,0.0,0.0,0.0,2025-01-01
Dondé Banco,1578.60621,400.65227,801.808962,375.470256,0.0,0.0,0.674722,2025-01-01
Forjadores,206.36976,0.0,206.36976,0.0,0.0,0.0,0.0,2025-01-01
Pagatodo,29.265581,29.224292,0.0,0.0,0.0,0.0,0.041289,2025-01-01
Sistema,8948507.99584388,5568735.72431315,2073637.9411549103,461147.38367426,369739.2745967001,447950.5703060101,27297.10179885,2025-01-01
BBVA México,1996888.4645017001,1537299.4402843602,277025.70256941,29706.25267735,132204.22324197,13951.11762684,6701.728101770001,2025-02-01
Santander,1038072.316464,611556.604145,268006.164475,49273.623083,66855.553445,39839.224425,2541.146891,2025-02-01
Banorte,1182236.4347216901,759362.93935063,364378.67442321003,5912.74420458,33792.90648695,12926.818113110001,5862.35214321,2025-02-01
Banamex,737166.9309025,522033.68699313,117874.99414580001,64002.51816563,0.0,25000.03527104,8255.696326899999,2025-02-01
HSBC,597130.490723,377846.288482,164855.415104,21323.918935,19400.786005,11228.619954,2475.462243,2025-02-01
Scotiabank,605508.057864,289884.165948,206180.508867,32460.213831,30215.395185,45284.394938,1483.379095,2025-02-01
Inbursa,446992.092386,329784.645336,52985.345035,1968.700819,32819.385936,28965.319332,468.695928,2025-02-01
Citi México,336397.83917875,219552.3667102,0.0,50914.37531556,4138.856305570001,61751.89676103,40.34408639,2025-02-01
Banco del Bajío,301695.91651445,123994.20383673,74699.44527628999,52395.90362772,0.0,50400.8002786,205.56349511000002,2025-02-01
Banco Azteca,238172.54456832,185148.59755725,53023.94701107,0.0,0.0,0.0,0.0,2025-02-01
Monex,81290.65609166,36430.08819828,28471.75422119,9446.74050365,3389.2200951,3549.1627789699996,3.69029447,2025-02-01
Afirme,86126.056392,42900.693287,39620.966467,0.0,1070.298224,2321.110031,212.988383,2025-02-01
Banregio,179184.72005987997,79553.34510694,90402.96091213,1088.5854767,4585.80880195,3511.2505078000004,42.76925436,2025-02-01
J.P. Morgan,57006.273758,54764.650409,0.0,697.654722,0.0,1543.968627,0.0,2025-02-01
Invex,52871.947319,8003.81103,13682.343238,26475.071634,495.731581,4214.304976,0.68486,2025-02-01
CIBanco,50703.502406,11102.117087,39491.741967,0.0,0.0,13.685495,95.957857,2025-02-01
BanCoppel,145349.95698925,134909.42397884,4742.40983625,0.0,0.0,5070.68586625,627.43730791,2025-02-01
Banca Mifel,96211.77434999999,29543.344766,46319.045738,386.170926,1839.912997,18122.85031,0.449613,2025-02-01
Multiva,83955.719532,32568.561712,29099.700982,10089.461894,0.0,12154.093339,43.901605,2025-02-01
Sabadell,122259.44934300001,43024.783686,21859.333505,5033.07907,0.0,52339.867374,2.385708,2025-02-01
Bank of America,59296.866244,46432.859535,714.255452,12149.751257,0.0,0.0,0.0,2025-02-01
Banco Base,35130.625063,19557.711241,13122.654,2131.234794,63.136926,216.044813,39.843289,2025-02-01
Barclays,0.0,0.0,0.0,0.0,0.0,0.0,0.0,2025-02-01
Ve por Más,60674.224441000006,37693.165212,18919.729663,342.703498,0.0,3709.836149,8.789919,2025-02-01
Intercam Banco,39832.043791,24169.906077,14639.226957,100.335797,0.0,856.024706,66.550254,2025-02-01
Bansí,42961.385016,13774.648471,28965.012195,0.0,0.0,221.463377,0.260973,2025-02-01
Compartamos,37079.108469,2380.096657,2136.667964,0.0,13246.45727,19197.528345,118.358233,2025-02-01
Actinver,38852.399659999995,15272.905748,6837.032114,4927.421971,11740.750821,35.800331,38.488675,2025-02-01
BIAfirme,23.187009,23.187009,0.0,0.0,0.0,0.0,0.0,2025-02-01
Bancrea,42301.48110026,5635.5423171,31552.68750587,0.0,0.0,5113.25127729,0.0,2025-02-01
MUFG Bank,31811.123083,19648.002841,12163.120242,0.0,0.0,0.0,0.0,2025-02-01
Consubanco,18585.942907999997,429.013317,12664.133239,2227.639576,3064.635853,200.112444,0.408479,2025-02-01
BNP Paribas México,0.0,0.0,0.0,0.0,0.0,0.0,0.0,2025-02-01
Bankaool,14514.690704,6734.231689,7754.500043,0.0,0.0,25.958972,0.0,2025-02-01
Autofin,13958.482577269999,3838.70376509,9951.981226290001,0.0,0.0,159.94350421000001,7.854081679999999,2025-02-01
Inmobiliario Mexicano,12961.01775314,622.19222599,10696.40011782,0.0,0.0,1642.0699818599999,0.35542746999999997,2025-02-01
ICBC,10288.588168999999,6541.652809,2430.15005,0.0,0.0,1316.78531,0.0,2025-02-01
Mizuho Bank,7387.352247090001,2197.8869120900004,3869.39985736,617.43108998,0.0,702.63438766,0.0,2025-02-01
Banco Covalto,7925.51613521,1932.92843072,3113.4689546199997,20.64652767,0.0,2858.4722222,0.0,2025-02-01
Bank of China,6964.83855242,1638.78443328,0.0,0.0,0.0,5326.054119140001,0.0,2025-02-01
Volkswagen Bank,3814.7615610000003,1.105195,0.0,0.0,0.0,3813.348628,0.307738,2025-02-01
Banco Ualá,5865.230116,3688.876021,2176.224065,0.0,0.0,0.0,0.13003,2025-02-01
Shinhan,4789.465667,1777.443064,241.730046,0.0,0.0,2770.133071,0.159486,2025-02-01
Banco S3,3347.479761,3347.479752,0.0,0.0,0.0,9e-06,0.0,2025-02-01
KEB Hana México,4177.270838,0.0,127.346389,0.0,0.0,4049.924449,0.0,2025-02-01
Openbank,167.729785,167.729785,0.0,0.0,0.0,0.0,0.0,2025-02-01
Banco Bineo,43.362086409999996,43.362086409999996,0.0,0.0,0.0,0.0,0.0,2025-02-01
Dondé Banco,1757.246566,474.52605,906.089833,375.955967,0.0,0.0,0.674716,2025-02-01
Credit Suisse,0.0,0.0,0.0,0.0,0.0,0.0,0.0,2025-02-01
Hey Banco,0.0054,0.0054,0.0,0.0,0.0,0.0,0.0,2025-02-01
Forjadores,212.047292,0.0,212.047292,0.0,0.0,0.0,0.0,2025-02-01
Pagatodo,0.0,0.0,0.0,0.0,0.0,0.0,0.0,2025-02-01
Sistema,8939975.647218,5647318.69381704,2075914.3109793102,384068.13536283997,358923.05917454005,444404.592101,29346.855783269995,2025-02-01
BBVA México,2077783.7345771,1604013.6115484,268143.63777231,34736.31501847,148421.35851328,15725.89229183,6742.91943281,2025-03-01
Santander,1059824.404475,630492.1186,266716.687021,56280.553412,67780.51385,35846.037394,2708.494198,2025-03-01
Banorte,1208627.8219036302,792527.98166566,358988.14561511,6120.80762971,34124.78432666,12661.05997435,4205.042692139999,2025-03-01
Banamex,748557.2702619701,538943.25117953,116535.11480552,59708.16837151,0.0,25042.087273790003,8328.64863162,2025-03-01
HSBC,596108.71777,385862.530575,161612.416494,15601.41598,19374.069571,11147.251976,2511.033174,2025-03-01
Scotiabank,601487.058114,282411.929929,209300.650062,32839.493198,30236.667216,45161.465556,1536.852153,2025-03-01
Inbursa,455999.127162,340302.75487,53252.277645,1900.419462,31119.513641,28952.795431,471.366113,2025-03-01
Citi México,371394.09587078,245323.79540355,0.0,60414.80266917,4194.03975521,61424.217747760005,37.240295090000004,2025-03-01
Banco del Bajío,309987.26560672,128603.07620839999,75612.74188289,56048.47673579,0.0,49518.192747,204.77803264,2025-03-01
Banco Azteca,236630.25248542998,183791.08305636,52839.169429069996,0.0,0.0,0.0,0.0,2025-03-01
Monex,86408.73495927,37851.95546635,34132.153350240005,9890.784248079999,2946.0729049,1584.08757585,3.68141385,2025-03-01
Afirme,88497.17595100001,42566.903152,42454.446071,0.0,900.888322,2357.647309,217.291097,2025-03-01
Banregio,185972.57303223,80032.06226528999,96849.27393950999,1098.17153776,4589.1820461199995,3363.12295795,40.7602856,2025-03-01
Invex,58317.110414999996,8461.164327,18190.842783,27128.942644,494.028634,4041.446926,0.685101,2025-03-01
J.P. Morgan,55277.486082999996,53541.703613,0.0,0.0,0.0,1735.78247,0.0,2025-03-01
BanCoppel,143913.22246452,133335.31235214998,4882.6188936300005,0.0,0.0,5052.5133706199995,642.77784812,2025-03-01
CIBanco,46653.717663,11343.586109,35200.941344,0.0,0.0,12.555693,96.634517,2025-03-01
Banca Mifel,95934.85510799999,28308.851966,45725.369952,439.735611,1839.966369,19620.493685,0.437525,2025-03-01
Banco Base,33714.011039,18728.636946,12686.788093,2143.737824,0.0,114.546612,40.301564,2025-03-01
Multiva,90531.48086400001,38956.007402,29325.360648,10085.666696,0.0,12122.635097,41.811021,2025-03-01
Sabadell,126058.79310099999,41544.518197,25449.380461,5043.72838,0.0,54018.749963,2.4161,2025-03-01
Bank of America,52033.297420999996,41996.520655,1001.488971,7634.937795,0.0,1400.35,0.0,2025-03-01
Barclays,1064.071824,0.0,0.0,0.0,0.0,1064.071824,0.0,2025-03-01
Ve por Más,61989.134008,38542.343325,19345.61033,342.658654,0.0,3749.845877,8.675822,2025-03-01
Intercam Banco,40781.394608,25257.962058,14517.289235,100.391763,0.0,837.778636,67.972916,2025-03-01
Bansí,43413.450366000005,15457.860838,27739.448677,0.0,0.0,215.864948,0.275903,2025-03-01
Actinver,40390.65838,14371.352187,8749.509664,5443.187432,11755.071285,34.485949,37.051863,2025-03-01
Compartamos,38562.262797999996,2563.615276,2208.710333,0.0,13274.277357,20395.786297,119.873535,2025-03-01
BIAfirme,23.05487,23.05487,0.0,0.0,0.0,0.0,0.0,2025-03-01
Bancrea,43495.30756774,5413.03462354,31266.624528599998,0.0,0.0,6815.648415600001,0.0,2025-03-01
MUFG Bank,30464.831027,19411.947107,11052.88392,0.0,0.0,0.0,0.0,2025-03-01
Consubanco,19064.455171,350.43467,13016.677371,2428.007249,3068.646472,200.28093,0.408479,2025-03-01
BNP Paribas México,0.0,0.0,0.0,0.0,0.0,0.0,0.0,2025-03-01
Bankaool,14248.999329,6410.735107,7812.309417,0.0,0.0,25.954805,0.0,2025-03-01
Inmobiliario Mexicano,13331.765826289999,508.33040011,11230.059167700001,0.0,0.0,1593.01310314,0.36315534000000005,2025-03-01
Autofin,13288.562024290002,3036.2797065500004,10244.42283147,0.0,0.0,1e-08,7.85948626,2025-03-01
Mizuho Bank,6258.193775090001,2348.1431164,2652.5066102600003,561.26624039,0.0,696.27780804,0.0,2025-03-01
ICBC,7277.49933,5562.151389,404.251368,0.0,0.0,1311.096573,0.0,2025-03-01
Banco Covalto,8145.40350317,2067.75295191,3227.5875311199998,20.857499899999997,0.0,2829.2055202399997,0.0,2025-03-01
Bank of China,6611.860445689999,1348.10411669,0.0,0.0,0.0,5263.756329,0.0,2025-03-01
Volkswagen Bank,3516.314702,1.083194,0.0,0.0,0.0,3514.922908,0.3086,2025-03-01
Banco Ualá,5831.44769,3667.628159,2161.112858,0.0,0.0,0.0,2.706673,2025-03-01
Shinhan,4412.506303,1209.694166,343.059756,0.0,0.0,2859.593539,0.158842,2025-03-01
KEB Hana México,4050.049879,0.0,126.608267,0.0,0.0,3923.441612,0.0,2025-03-01
Openbank,387.177951,387.177951,0.0,0.0,0.0,0.0,0.0,2025-03-01
Banco S3,1021.483518,1021.483509,0.0,0.0,0.0,9e-06,0.0,2025-03-01
Banco Bineo,36.32377665,36.32377665,0.0,0.0,0.0,0.0,0.0,2025-03-01
Dondé Banco,1722.042673,425.752325,920.080455,375.535177,0.0,0.0,0.674716,2025-03-01
Credit Suisse,0.0,0.0,0.0,0.0,0.0,0.0,0.0,2025-03-01
Hey Banco,0.0054,0.0054,0.0,0.0,0.0,0.0,0.0,2025-03-01
Forjadores,215.153158,0.0,215.153158,0.0,0.0,0.0,0.0,2025-03-01
Pagatodo,20.879161,20.837872,0.0,0.0,0.0,0.0,0.041289,2025-03-01
Sistema,9139336.49539257,5818382.443581539,2076133.41071143,396388.06122777995,374119.08026317006,446233.95713418,28079.542474469992,2025-03-01
BBVA México,2026215.0868064999,1555896.83073413,265591.28870765,34706.46250675,147180.92280419,15601.96533359,7237.61672019,2025-04-01
Santander,1061181.390731,635864.616459,260192.930902,59333.321215,65754.080202,37348.049194,2688.392759,2025-04-01
Banorte,1202403.46133788,778451.92498198,368799.84454762,6077.06482355,34111.80359704,10827.721234190001,4135.1021535,2025-04-01
Banamex,731686.98721454,531585.67626949,112925.00019254,53953.51225972,0.0,24775.94450041,8446.85399238,2025-04-01
HSBC,593452.1836140001,386037.539121,158582.637486,15606.873557,19338.012034,11328.833115,2558.288301,2025-04-01
Scotiabank,585942.909602,286413.448563,195246.177509,29233.880679,30125.585882,43322.134328,1601.682641,2025-04-01
Inbursa,452998.017072,336855.336776,54752.86508,1910.615482,30208.244339,28788.91587,482.039525,2025-04-01
Citi México,333241.97279395,220068.71851436,0.0,50845.573322059994,3431.7074165599997,58857.341720309996,38.631820659999995,2025-04-01
Banco del Bajío,301430.58269979,127792.79967114999,75379.28259575,50575.91286386,0.0,47478.298590980005,204.28897805000003,2025-04-01
Banco Azteca,239592.25430816002,186424.92964519002,53167.32466297,0.0,0.0,0.0,0.0,2025-04-01
Monex,83828.40415023001,36311.720279580004,31144.042263490002,9231.419506209999,1735.85724254,5401.94117585,3.42368256,2025-04-01
Afirme,84309.32239599999,42048.998451,38699.399216,0.0,937.698148,2396.804188,226.422393,2025-04-01
Banregio,185114.98521775,80983.80490272,94909.69605107,1107.44837106,4591.30126833,3468.80395084,53.930673729999995,2025-04-01
J.P. Morgan,71811.983874,59448.097805,0.0,4991.410872,0.0,7372.475197,0.0,2025-04-01
Invex,56867.285078,8563.476506,17236.164378,26522.949915,474.602047,4069.433977,0.658255,2025-04-01
Bank of America,112491.024262,39257.075438,719.180861,72514.767963,0.0,0.0,0.0,2025-04-01
BanCoppel,144246.67738855997,133664.81873508,4897.58597154,0.0,0.0,5029.568352159999,654.70432978,2025-04-01
Banca Mifel,97777.622572,28818.799873,48606.417594,138.883525,1824.68154,18388.409273,0.430767,2025-04-01
Banco Base,35418.653808999996,20485.959988,12586.427394,2191.625627,0.0,114.652314,39.988486,2025-04-01
Multiva,92692.872743,42024.859379,29564.319106,10824.514012,0.0,10236.596077,42.584169,2025-04-01
CIBanco,46125.317059,10972.08117,35046.846061,0.0,0.0,11.042571,95.347257,2025-04-01
Sabadell,123813.34346100001,40902.181584,25288.561994,4997.771362,0.0,52622.312751,2.51577,2025-04-01
Barclays,0.0,0.0,0.0,0.0,0.0,0.0,0.0,2025-04-01
Ve por Más,64549.823396,42656.924893,18174.276812,340.379384,0.0,3369.72903,8.513277,2025-04-01
Intercam Banco,41492.781058,24987.118396,15531.741659,100.451463,0.0,805.607851,67.861689,2025-04-01
Bansí,47108.349806,17981.851658,28910.412366,0.0,0.0,215.808815,0.276967,2025-04-01
Actinver,41712.325296999996,14344.609016,10079.310776,5453.778339,11761.786621,36.192006,36.648539,2025-04-01
Compartamos,38611.944613,2678.084658,2262.525824,0.0,13284.274479,20264.51448,122.545172,2025-04-01
BIAfirme,22.101244,22.101244,0.0,0.0,0.0,0.0,0.0,2025-04-01
Bancrea,43618.53472716,5613.65362818,31460.65198156,0.0,0.0,6544.22911742,0.0,2025-04-01
MUFG Bank,29496.725787,17745.958541,11750.767246,0.0,0.0,0.0,0.0,2025-04-01
Consubanco,20406.639722,694.305039,13505.995525,2733.456118,3072.367117,400.107444,0.408479,2025-04-01
BNP Paribas México,0.0,0.0,0.0,0.0,0.0,0.0,0.0,2025-04-01
Bankaool,15114.194714,6934.861672,8153.40249,0.0,0.0,25.930552,0.0,2025-04-01
Autofin,14696.9572152,3301.99680806,11386.90230492,0.0,0.0,0.0,8.05810222,2025-04-01
Inmobiliario Mexicano,13372.630962750001,638.49863244,11218.28872531,0.0,0.0,1515.45862422,0.38498078,2025-04-01
Mizuho Bank,6518.208385599999,1638.320274,3572.96140943,623.05370364,0.0,683.87299853,0.0,2025-04-01
Banco Covalto,8181.361809960001,2021.2842808,3539.6171262800003,21.06166656,0.0,2599.3987363200004,0.0,2025-04-01
ICBC,7219.394696,4816.654093,1143.110418,0.0,0.0,1259.630185,0.0,2025-04-01
Bank of China,6118.0035699499995,1033.8739497899999,0.0,0.0,0.0,5084.12962016,0.0,2025-04-01
Volkswagen Bank,3516.012343,1.080821,0.0,0.0,0.0,3514.622109,0.309413,2025-04-01
Shinhan,5052.7138319999995,1438.236022,637.467791,0.0,0.0,2976.69772,0.312299,2025-04-01
Banco Ualá,5615.767192,3447.662764,2166.625257,0.0,0.0,0.0,1.479171,2025-04-01
KEB Hana México,3987.078937,0.0,106.852378,0.0,0.0,3880.226559,0.0,2025-04-01
Banco S3,1395.4823139999999,1395.1887,0.0,0.0,0.0,0.293614,0.0,2025-04-01
Openbank,637.537712,637.537712,0.0,0.0,0.0,0.0,0.0,2025-04-01
Banco Bineo,35.002484079999995,35.002484079999995,0.0,0.0,0.0,0.0,0.0,2025-04-01
Dondé Banco,1804.339466,457.541678,970.499537,375.623535,0.0,0.0,0.674716,2025-04-01
Credit Suisse,0.0,0.0,0.0,0.0,0.0,0.0,0.0,2025-04-01
Forjadores,227.377977,0.0,227.377977,0.0,0.0,0.0,0.0,2025-04-01
Pagatodo,20.980276,20.938987,0.0,0.0,0.0,0.0,0.041289,2025-04-01
Hey Banco,0.0,0.0,0.0,0.0,0.0,0.0,0.0,2025-04-01
Sistema,9083174.60772706,5743416.98079803,2058134.78017713,444411.81207140995,367832.92473766004,440617.69317498,28760.416767849998,2025-04-01
BBVA México,2028591.6349843899,1551868.6674192299,271645.37585318,34751.95547308,147539.12353995,15576.477789440001,7210.03490951,2025-05-01
Santander,1076169.5852639999,647116.915155,259559.448292,62362.759623,66104.670282,38343.938882,2681.85303,2025-05-01
Banorte,1213735.1963886598,788459.45896217,370137.10015351,6002.56046501,34091.35774573,10735.57009828,4309.14896396,2025-05-01
Banamex,736569.97981268,540306.05668989,115476.63877029,47629.08560478,0.0,24640.54198726,8517.65676046,2025-05-01
HSBC,575608.6550040001,371854.375013,154626.492913,15617.433281,19190.394879,11723.033427,2596.925491,2025-05-01
Scotiabank,577274.997595,282941.387571,194204.731092,26154.51867,30223.464,42140.117389,1610.778873,2025-05-01
Inbursa,455847.34106,340395.905021,54482.946888,1923.948099,30178.002937,28385.944784,480.593331,2025-05-01
Citi México,336048.79180059,217783.24432129998,0.0,56788.184476660004,3242.09484232,58195.84368249,39.42447782,2025-05-01
Banco del Bajío,306309.38745813,131192.61716946002,75937.37932313001,50051.45763793,0.0,48923.609397620006,204.32392999,2025-05-01
Banco Azteca,243157.13085004,189408.52976885,53748.601081190005,0.0,0.0,0.0,0.0,2025-05-01
Monex,83058.91209073999,34879.44524311,30218.67055618,11124.56177418,2307.59569229,4525.24173272,3.39709226,2025-05-01
Afirme,85517.239961,41989.502449,39941.358711,0.0,838.123972,2527.639445,220.615384,2025-05-01
Banregio,190858.12211695002,78834.19483696,102511.60205182001,1110.28582908,4841.77765166,3501.63189406,58.62985337,2025-05-01
J.P. Morgan,67714.980038,51982.356191,0.0,7490.679832,0.0,8241.944015,0.0,2025-05-01
Invex,54152.201275,7591.869093,13948.698933,27920.218743,470.337966,4220.418154,0.658386,2025-05-01
Bank of America,120074.422764,36665.77303,895.766663,80812.080293,0.0,1700.802778,0.0,2025-05-01
BanCoppel,148287.03246413,137632.27178857,4882.01642471,0.0,0.0,5102.04001332,670.70423753,2025-05-01
Banca Mifel,99989.517689,30490.89403,50148.841421,85.42212,1820.39247,17443.53862,0.429028,2025-05-01
Multiva,98913.670906,43062.105558,34902.310734,11114.356866,0.0,9790.363634,44.534114,2025-05-01
Banco Base,35478.457505,20225.83817,12916.457041,2191.825723,0.0,106.067456,38.269115,2025-05-01
Sabadell,123029.717175,40781.892154,24632.741187,4655.167649,0.0,52957.419439,2.496746,2025-05-01
Barclays,0.0,0.0,0.0,0.0,0.0,0.0,0.0,2025-05-01
CIBanco,51082.49009,13626.872791,37262.40334,0.0,0.0,98.810888,94.403071,2025-05-01
Ve por Más,63709.781659,40595.57162,18868.820703,343.857311,0.0,3893.041981,8.490044,2025-05-01
Intercam Banco,40966.787853,24373.760755,15728.448506,0.0,0.0,794.38805,70.190542,2025-05-01
Bansí,46198.970712,16841.289877,29139.375859,0.0,0.0,218.026822,0.278154,2025-05-01
Actinver,43014.483082000006,16138.748384,9815.947175,5226.882414,11762.702819,34.788396,35.413894,2025-05-01
Compartamos,40263.373537,3241.253495,2295.220922,0.0,13260.481919,21342.131427,124.285774,2025-05-01
BIAfirme,21.856272,21.856272,0.0,0.0,0.0,0.0,0.0,2025-05-01
Bancrea,44381.52110159,5878.30899396,31548.068957389998,0.0,0.0,6955.14315024,0.0,2025-05-01
MUFG Bank,29109.771424,16036.660435,13073.110989,0.0,0.0,0.0,0.0,2025-05-01
Consubanco,20594.611679,498.432603,13367.648151,3259.618461,3065.878652,402.625333,0.408479,2025-05-01
BNP Paribas México,0.0,0.0,0.0,0.0,0.0,0.0,0.0,2025-05-01
Autofin,17318.25530595,5590.38125421,11720.42378989,0.0,0.0,1e-08,7.45026184,2025-05-01
Bankaool,14710.200888,6669.286776,8015.007358,0.0,0.0,25.906754,0.0,2025-05-01
Inmobiliario Mexicano,13401.68411548,576.45514025,11276.799449479999,0.0,0.0,1548.02947974,0.40004601,2025-05-01
ICBC,10216.93969,6554.74208,2169.420468,0.0,0.0,1492.777142,0.0,2025-05-01
Mizuho Bank,6525.785778490001,1621.57157287,3511.3866807,672.48891411,0.0,720.33861081,0.0,2025-05-01
Banco Covalto,8321.09402548,2171.12809465,3690.06616602,20.011666039999998,0.0,2439.88809877,0.0,2025-05-01
Bank of China,6007.31574396,954.33458771,0.0,0.0,0.0,5052.98115625,0.0,2025-05-01
Volkswagen Bank,3517.84895,1.080833,0.0,0.0,0.0,3516.457878,0.310239,2025-05-01
Banco S3,2625.532431,2625.532431,0.0,0.0,0.0,0.0,0.0,2025-05-01
Banco Ualá,5478.201263,3332.859921,2143.863143,0.0,0.0,0.0,1.478199,2025-05-01
Shinhan,4543.03651,1239.18786,393.599692,0.0,0.0,2909.937588,0.31137,2025-05-01
KEB Hana México,4050.759984,0.0,166.780367,0.0,0.0,3883.979617,0.0,2025-05-01
Openbank,1040.419733,1040.419733,0.0,0.0,0.0,0.0,0.0,2025-05-01
Banco Bineo,34.83742666,34.83742666,0.0,0.0,0.0,0.0,0.0,2025-05-01
Dondé Banco,1850.44196,414.346049,1069.039873,366.381322,0.0,0.0,0.674716,2025-05-01
Credit Suisse,0.0,0.0,0.0,0.0,0.0,0.0,0.0,2025-05-01
Hey Banco,0.025,0.025,0.0,0.0,0.0,0.0,0.0,2025-05-01
Forjadores,231.292613,0.0,231.292613,0.0,0.0,0.0,0.0,2025-05-01
Pagatodo,21.809736,21.768447,0.0,0.0,0.0,0.0,0.041289,2025-05-01
Sistema,9135626.10276592,5755564.01206685,2080303.9022914898,457675.7422478701,368936.39936795,444111.43699001,29034.60980175,2025-05-01
BBVA México,2083231.94821574,1600622.48164405,282023.19919175,29989.392182490003,148329.82355094,15049.02357562,7218.02807089,2025-06-01
Santander,1077295.918622,644281.954627,264123.217375,62557.020923,64961.954615,38644.793198,2726.977884,2025-06-01
Banorte,1210098.5416609999,790361.7152296,367414.73641643,5202.8293081599995,34181.40770434,8605.57840475,4332.27459772,2025-06-01
Banamex,746120.07538247,537694.47689402,117820.85454745,57492.3782792,0.0,24465.313978439997,8647.051683360001,2025-06-01
HSBC,567634.805179,363137.539922,156686.091045,15622.715337,18950.677053,10645.512572,2592.26925,2025-06-01
Scotiabank,574302.990355,284201.187962,183941.297755,31211.351873,29733.036048,43594.617937,1621.49878,2025-06-01
Inbursa,460048.99091600004,345275.750194,55076.050338,1862.121776,29059.596814,28289.489026,485.982768,2025-06-01
Citi México,337251.71291372,221554.15060767002,0.0,55704.05912286,3387.39156448,56566.11413811,39.9974806,2025-06-01
Banco del Bajío,308786.2548247,132081.43154010002,77075.37221531,53673.926986239996,0.0,45752.33199066,203.19209239,2025-06-01
Banco Azteca,241453.28475256,186684.44649901998,54768.83825354,0.0,0.0,0.0,0.0,2025-06-01
Monex,81473.77911866,36171.110723080004,30219.38344803,10671.608356969999,2858.18662119,1550.18246426,3.30750513,2025-06-01
Afirme,88530.45374499999,43794.556169,41010.645641,0.0,926.057272,2575.54259,223.652073,2025-06-01
Banregio,184104.5040568,82304.4143239,92403.55893713,1119.11499572,4731.726926390001,3487.16145556,58.5274181,2025-06-01
J.P. Morgan,70073.640999,63019.740432,0.0,0.0,0.0,7053.900567,0.0,2025-06-01
Invex,52840.560455,8092.325255,9542.686116,30675.430994,456.029244,4073.43036,0.658486,2025-06-01
BanCoppel,147355.05496643,136844.12678335002,4852.98263864,0.0,0.0,4972.03268827,685.9128561699999,2025-06-01
Multiva,100582.070064,44742.22941,35288.048108,10977.28054,0.0,9530.018853,44.493153,2025-06-01
Banca Mifel,99379.524903,29973.368735,48331.121987,209.888883,1833.666111,19031.055389,0.423798,2025-06-01
Banco Base,34878.783480000006,19794.120223,12894.786383,2046.203619,0.0,105.31683,38.356425,2025-06-01
Sabadell,120020.108369,41255.450471,22783.548252,3685.503679,0.0,52293.056672,2.549295,2025-06-01
Barclays,40.008889,0.0,0.0,0.0,0.0,40.008889,0.0,2025-06-01
CIBanco,38269.717359,10631.130673,27440.207661,0.0,0.0,94.623782,103.755243,2025-06-01
Bank of America,57497.147774,40763.328896,1202.067266,15531.751612,0.0,0.0,0.0,2025-06-01
Ve por Más,64082.313942,40551.444514,20013.306241,321.540259,0.0,3181.876793,14.146135,2025-06-01
Intercam Banco,37600.034494,23370.545687,13406.540919,0.0,0.0,751.378182,71.569706,2025-06-01
Bansí,48230.18864,17924.387326,30084.645981,0.0,0.0,220.851495,0.303838,2025-06-01
Actinver,41990.91346,14656.964043,9637.239806,5717.87372,11771.934433,172.139853,34.761605,2025-06-01
Compartamos,41335.591427,3429.884792,2257.743477,0.0,13336.361888,22184.84461,126.75666,2025-06-01
BIAfirme,21.14654,21.14654,0.0,0.0,0.0,0.0,0.0,2025-06-01
Bancrea,46747.57823752,6215.477345220001,32795.37861417,0.0,0.0,7736.72227813,0.0,2025-06-01
MUFG Bank,27468.871199,16800.6329,10668.238299,0.0,0.0,0.0,0.0,2025-06-01
Consubanco,20429.695396000003,456.041598,13621.985706,2881.517552,3069.531388,400.210673,0.408479,2025-06-01
BNP Paribas México,0.0,0.0,0.0,0.0,0.0,0.0,0.0,2025-06-01
Autofin,18552.355011580003,6852.9187216499995,11691.98152517,0.0,0.0,0.0,7.45476476,2025-06-01
Bankaool,15613.623287999999,7186.991045,8400.766986,0.0,0.0,25.865257,0.0,2025-06-01
Inmobiliario Mexicano,13561.265478610001,481.66872304000003,11585.08520186,0.0,0.0,1494.09598557,0.41556814000000003,2025-06-01
Mizuho Bank,8802.1621891,1896.51630824,5239.0338511,963.07890889,0.0,703.53312087,0.0,2025-06-01
ICBC,8127.865041,5442.859724,1350.861476,0.0,0.0,1334.143841,0.0,2025-06-01
Banco Covalto,8034.96342944,1611.10915268,3930.98509616,20.18666603,0.0,2472.68251457,0.0,2025-06-01
Bank of China,6041.89264682,619.09342736,0.0,0.0,0.0,5422.79921946,0.0,2025-06-01
Volkswagen Bank,3666.682276,1.080836,0.0,0.0,0.0,3665.290346,0.311094,2025-06-01
Banco S3,3538.125652,3538.125652,0.0,0.0,0.0,0.0,0.0,2025-06-01
Banco Ualá,5470.638514,3321.839705,2147.331245,0.0,0.0,0.0,1.467564,2025-06-01
Shinhan,4386.969325,1239.469113,283.370304,0.0,0.0,2863.822088,0.30782,2025-06-01
Openbank,1459.422437,1459.422437,0.0,0.0,0.0,0.0,0.0,2025-06-01
KEB Hana México,3895.052313,0.102504,167.000461,0.0,0.0,3727.949348,0.0,2025-06-01
Banco Bineo,34.293534539999996,34.293534539999996,0.0,0.0,0.0,0.0,0.0,2025-06-01
Dondé Banco,1841.760146,404.334418,1072.50136,364.249652,0.0,0.0,0.674716,2025-06-01
Credit Suisse,0.0,0.0,0.0,0.0,0.0,0.0,0.0,2025-06-01
Hey Banco,0.025,0.025,0.0,0.0,0.0,0.0,0.0,2025-06-01
Forjadores,234.20879300000001,0.0,234.20879300000001,0.0,0.0,0.0,0.0,2025-06-01
Pagatodo,21.57985,21.538561,0.0,0.0,0.0,0.0,0.041289,2025-06-01
Sistema,9112459.095261691,5820818.95082152,2063486.89891774,398501.02522556,367587.38123334,432777.3109652701,29287.528098259994,2025-06-01
